{
  "name": "pouchdb",
  "version": "3.6.0",
  "description": "PouchDB is a pocket-sized database.",
  "repo": "daleharvey/pouchdb",
  "keywords": [
    "db",
    "couchdb",
    "pouchdb"
  ],
  "dependencies": {},
  "development": {},
  "license": "Apache",
  "main": "dist/pouchdb.js",
  "scripts": [
    "dist/pouchdb.js",
    "dist/pouchdb.min.js"
  ],
  "ignore": [
    "**/.*",
    "node_modules",
    "bower_components",
    "tests",
    "vendor",
    "npm-debug.log",
    "phantomjsdriver.log"
  ],
  "homepage": "https://github.com/daleharvey/pouchdb",
  "_release": "3.6.0",
  "_resolution": {
    "type": "version",
    "tag": "3.6.0",
    "commit": "849fd7ae440824c46d3219c90dea4e49caf08693"
  },
  "_source": "git://github.com/daleharvey/pouchdb.git",
  "_target": "~3.6.0",
  "_originalSource": "pouchdb"
}