{
  "name": "angular-pouchdb",
  "authors": [
    "Wilfred Springer <wilfredspringer@gmail.com>",
    "Tom Vincent <http://tlvince.com/contact>"
  ],
  "description": "AngularJS wrapper for PouchDB",
  "main": "angular-pouchdb.js",
  "keywords": [
    "angularjs",
    "pouchdb"
  ],
  "license": "MIT",
  "homepage": "https://angular-pouchdb.github.io/angular-pouchdb/",
  "ignore": [
    "**/*",
    "**/.*",
    "!README.md",
    "!LICENSE.md",
    "!angular-pouchdb.js",
    "!angular-pouchdb.min.js"
  ],
  "dependencies": {
    "angular": "~1.4.1",
    "pouchdb": "~3.6.0"
  },
  "version": "2.1.1",
  "_release": "2.1.1",
  "_resolution": {
    "type": "version",
    "tag": "v2.1.1",
    "commit": "dae8b49dcaaa0a75f2114e80f0b610d9f647d7c3"
  },
  "_source": "git://github.com/angular-pouchdb/bower-angular-pouchdb.git",
  "_target": "~2.1.1",
  "_originalSource": "angular-pouchdb",
  "_direct": true
}